INSERT into users (id, name, age) values (1, "name_1", 10);
INSERT into users (id, name, age) values (2, "name_2", 11);
INSERT into users (id, name, age) values (3, "name_3", 12);
INSERT into users (id, name, age) values (4, "name_4", 13);
INSERT into users (id, name, age) values (5, "name_5", 14);
INSERT into users (id, name, age) values (6, "name_26", 15);
INSERT into users (id, name, age) values (7, "name_7", 16);
INSERT into users (id, name, age) values (8, "name_8", 17);
INSERT into users (id, name, age) values (9, "name_9", 18);
INSERT into users (id, name, age) values (10, "name_10", 19);
INSERT into users (id, name, age) values (11, "name_11", 10);
INSERT into users (id, name, age) values (12, "name_12", 11);
INSERT into users (id, name, age) values (13, "name_13", 12);
INSERT into users (id, name, age) values (14, "name_14", 13);
INSERT into users (id, name, age) values (15, "name_15", 14);
INSERT into users (id, name, age) values (16, "name_16", 15);
INSERT into users (id, name, age) values (17, "name_17", 16);
INSERT into users (id, name, age) values (18, "name_18", 17);
INSERT into users (id, name, age) values (19, "name_19", 18);
INSERT into users (id, name, age) values (20, "name_20", 19);

INSERT INTO projects (id, title, category, funding_goal, start_date, end_date) values(1, "title_1", "category_1", 10, "7-04-94", "19-03-2020");
INSERT INTO projects (id, title, category, funding_goal, start_date, end_date) values(2, "title_2", "category_2", 10, "9-04-94", "18-03-2020");
INSERT INTO projects (id, title, category, funding_goal, start_date, end_date) values(3, "title_3", "category_3", 10, "10-04-94", "17-03-2020");
INSERT INTO projects (id, title, category, funding_goal, start_date, end_date) values(4, "title_4", "category_4", 10, "11-04-94", "16-03-2020");
INSERT INTO projects (id, title, category, funding_goal, start_date, end_date) values(5, "title_5", "category_5", 10, "12-04-94", "15-03-2020");
INSERT INTO projects (id, title, category, funding_goal, start_date, end_date) values(6, "title_6", "category_6", 10, "13-04-94", "14-03-2020");
INSERT INTO projects (id, title, category, funding_goal, start_date, end_date) values(7, "title_7", "category_7", 10, "14-04-94", "13-03-2020");
INSERT INTO projects (id, title, category, funding_goal, start_date, end_date) values(8, "title_8", "category_8", 10, "15-04-94", "12-03-2020");
INSERT INTO projects (id, title, category, funding_goal, start_date, end_date) values(9, "title_9", "category_9", 10, "16-04-94", "11-03-2020");
INSERT INTO projects (id, title, category, funding_goal, start_date, end_date) values(10, "title_10", "category_10", 10, "17-04-94", "10-03-2020");

INSERT INTO pledges (id, amount, user_id, project_id) VALUES (1, 100, 1, 1);
INSERT INTO pledges (id, amount, user_id, project_id) VALUES (2, 200, 2, 2);
INSERT INTO pledges (id, amount, user_id, project_id) VALUES (3, 300, 3, 3);
INSERT INTO pledges (id, amount, user_id, project_id) VALUES (4, 400, 4, 4);
INSERT INTO pledges (id, amount, user_id, project_id) VALUES (5, 500, 5, 5);
INSERT INTO pledges (id, amount, user_id, project_id) VALUES (6, 100, 1, 1);
INSERT INTO pledges (id, amount, user_id, project_id) VALUES (7, 200, 2, 2);
INSERT INTO pledges (id, amount, user_id, project_id) VALUES (8, 300, 3, 3);
INSERT INTO pledges (id, amount, user_id, project_id) VALUES (9, 400, 4, 4);
INSERT INTO pledges (id, amount, user_id, project_id) VALUES (10, 500, 5, 5);
INSERT INTO pledges (id, amount, user_id, project_id) VALUES (11, 100, 1, 1);
INSERT INTO pledges (id, amount, user_id, project_id) VALUES (12, 200, 2, 2);
INSERT INTO pledges (id, amount, user_id, project_id) VALUES (13, 300, 3, 3);
INSERT INTO pledges (id, amount, user_id, project_id) VALUES (14, 400, 4, 4);
INSERT INTO pledges (id, amount, user_id, project_id) VALUES (15, 500, 5, 5);
INSERT INTO pledges (id, amount, user_id, project_id) VALUES (16, 100, 1, 1);
INSERT INTO pledges (id, amount, user_id, project_id) VALUES (17, 200, 2, 2);
INSERT INTO pledges (id, amount, user_id, project_id) VALUES (18, 300, 3, 3);
INSERT INTO pledges (id, amount, user_id, project_id) VALUES (19, 400, 4, 4);
INSERT INTO pledges (id, amount, user_id, project_id) VALUES (20, 500, 5, 5);
INSERT INTO pledges (id, amount, user_id, project_id) VALUES (21, 100, 1, 1);
INSERT INTO pledges (id, amount, user_id, project_id) VALUES (22, 200, 2, 2);
INSERT INTO pledges (id, amount, user_id, project_id) VALUES (23, 300, 3, 3);
INSERT INTO pledges (id, amount, user_id, project_id) VALUES (24, 400, 4, 4);
INSERT INTO pledges (id, amount, user_id, project_id) VALUES (25, 500, 5, 5);
INSERT INTO pledges (id, amount, user_id, project_id) VALUES (26, 100, 1, 1);
INSERT INTO pledges (id, amount, user_id, project_id) VALUES (27, 200, 2, 2);
INSERT INTO pledges (id, amount, user_id, project_id) VALUES (28, 300, 3, 3);
INSERT INTO pledges (id, amount, user_id, project_id) VALUES (29, 400, 4, 4);
INSERT INTO pledges (id, amount, user_id, project_id) VALUES (30, 500, 5, 5);
